[
    {
        "Name": "Shah Alam",
        "contact": "+880 1816-709701",
        "payment": "$600",
        "problem": "Heart Patient"
    },
    {
        "FirstName": "Naymul",
        "LastName": "Islam",
        "contact": "+880 1723-210623",
        "nid": "147*******",
        "email": "naymulrm@gmail.com",
        "password": "789456",
        "gender": "Male",
        "Address": "Pabna"
    },
    {
        "FirstName": "Naymul",
        "LastName": "Islam",
        "contact": "0172321062",
        "nid": "1237594521",
        "email": "naymulrm@gmail.com",
        "password": "123456",
        "gender": "Male",
        "Address": "Pabna"
    },
    {
        "FirstName": "Shah",
        "LastName": "Islam",
        "contact": "01911364209",
        "nid": "5510917346",
        "email": "alam195607@gmail.com",
        "password": "123456",
        "gender": "Male",
        "Address": "Dhaka"
    },
    {
        "FirstName": "Shameema",
        "LastName": "Yeasmeen",
        "contact": "01817523440",
        "nid": "146******",
        "email": "shila4563@gmail.com",
        "password": "456789",
        "gender": "Female",
        "Address": "Noakhali"
    },
    {
        "FirstName": "NOOR E",
        "LastName": "FAHMIDA",
        "contact": "+880 1631-804371",
        "nid": "146*******",
        "email": "noorefahmida75@gamail.com",
        "password": "123456",
        "gender": "Female",
        "Address": "South Banasree"
    },
    {
        "FirstName": "NOOR E",
        "LastName": "FAHMIDA",
        "contact": "+880 1631-804371",
        "nid": "146*******",
        "email": "noorefahmida75@gamail.com",
        "password": "123456",
        "gender": "Female",
        "Address": "South Banasree"
    },
    {
        "FirstName": "Alam",
        "LastName": "Shah",
        "contact": "+880 1911-364209",
        "nid": "5510917346",
        "email": "alam195607@gmail.com",
        "password": "789456",
        "gender": "Male",
        "Address": "409,Masterpara Feni"
    },
    {
        "FirstName": "Naymul",
        "LastName": "Islam",
        "contact": "+880 1817-523440",
        "nid": "147*******",
        "email": "shila4563@gmail.com",
        "password": "456789",
        "gender": "Female",
        "Address": "Holding # 1045,Road # 2\/3,Block # B Maijdee \r\n"
    }
]