[{"name":"Lipsy","email":"salipsy@gmail.com","username":"Lipsy","password":"123","cpassword":"123","gender":"female","dob":"2021-10-22"},{"name":"Lipsy","email":"salipsy@gmail.com","username":"Lipsy","password":"123","cpassword":"123","gender":"female","dob":"2021-10-22"},{"name":"Lipsy","email":"salipsy@gmail.com","username":"Lipsy","password":"123","cpassword":"123","gender":"female","dob":"2021-10-22"},{"name":"Lipsy","email":"salipsy@gmail.com","username":"Lipsy","password":"123","cpassword":"123","gender":"female","dob":"2021-10-22"},{"name":"Lipsy","email":"salipsy@gmail.com","username":"Lipsy","password":"123","cpassword":"123","gender":"female","dob":"2021-10-22"},{"name":"Lipsy","email":"salipsy@gmail.com","username":"Lipsy","password":"123","cpassword":"123","gender":"female","dob":"2021-10-23"},{"name":"test ","email":"tset@gmail.com","username":"test","password":"1234","cpassword":"1234","gender":"female","dob":"2021-10-23"}]